{
	"credit": "Made with Blockbench",
	"parent": "minecraft:block/cube",
	"texture_size": [64, 64],
	"textures": {
		"0": "epl:block/enchanted_lantern",
		"1": "epl:block/enchanted_lantern_lava",
		"particle": "epl:block/enchanted_lantern"
	},
	"elements": [
		{
			"from": [0, 31, 7],
			"to": [16, 32, 9],
			"rotation": {"angle": 0, "axis": "y", "origin": [0, 16, 0]},
			"faces": {
				"north": {"uv": [4, 3.5, 8, 3.75], "texture": "#0"},
				"east": {"uv": [5.25, 5.75, 5.75, 6], "texture": "#0"},
				"south": {"uv": [4, 3.75, 8, 4], "texture": "#0"},
				"west": {"uv": [5.75, 5.75, 6.25, 6], "texture": "#0"},
				"up": {"uv": [7, 3.5, 3, 3], "texture": "#0"},
				"down": {"uv": [4, 3.5, 0, 4], "texture": "#0"}
			}
		},
		{
			"from": [0, 16, 5],
			"to": [2, 17, 11],
			"rotation": {"angle": 0, "axis": "y", "origin": [0, 16, 0]},
			"faces": {
				"north": {"uv": [5, 5.5, 5.5, 5.75], "texture": "#0"},
				"east": {"uv": [5.5, 4, 7, 4.25], "texture": "#0"},
				"south": {"uv": [5.5, 5, 6, 5.25], "texture": "#0"},
				"west": {"uv": [5.5, 4.25, 7, 4.5], "texture": "#0"},
				"up": {"uv": [4.5, 6.5, 4, 5], "texture": "#0"},
				"down": {"uv": [5.5, 4, 5, 5.5], "texture": "#0"}
			}
		},
		{
			"from": [8, 25, 6.5],
			"to": [8, 31, 9.5],
			"shade": false,
			"rotation": {"angle": 45, "axis": "y", "origin": [8, 23, 8]},
			"faces": {
				"east": {"uv": [2, 4, 2.75, 5.5], "texture": "#0"},
				"west": {"uv": [2.75, 4, 3.5, 5.5], "texture": "#0"}
			}
		},
		{
			"from": [6.5, 26, 8],
			"to": [9.5, 30, 8],
			"shade": false,
			"rotation": {"angle": 45, "axis": "y", "origin": [8, 23, 8]},
			"faces": {
				"north": {"uv": [4.5, 1, 5.25, 2], "texture": "#0"},
				"south": {"uv": [4.5, 2, 5.25, 3], "texture": "#0"}
			}
		},
		{
			"from": [6, 23, 6],
			"to": [10, 25, 10],
			"rotation": {"angle": 0, "axis": "y", "origin": [0, 15, 0]},
			"faces": {
				"north": {"uv": [5.25, 2.5, 6.25, 3], "texture": "#0"},
				"east": {"uv": [5.5, 0, 6.5, 0.5], "texture": "#0"},
				"south": {"uv": [5.5, 0.5, 6.5, 1], "texture": "#0"},
				"west": {"uv": [2.5, 5.5, 3.5, 6], "texture": "#0"},
				"up": {"uv": [4.5, 5, 3.5, 4], "texture": "#0"},
				"down": {"uv": [5.5, 0, 4.5, 1], "texture": "#0"}
			}
		},
		{
			"from": [5, 16, 5],
			"to": [11, 23, 11],
			"rotation": {"angle": 0, "axis": "y", "origin": [0, 15, 0]},
			"faces": {
				"north": {"uv": [0, 0, 1.5, 1.75], "texture": "#0"},
				"east": {"uv": [1.5, 0, 3, 1.75], "texture": "#0"},
				"south": {"uv": [0, 1.75, 1.5, 3.5], "texture": "#0"},
				"west": {"uv": [1.5, 1.75, 3, 3.5], "texture": "#0"},
				"up": {"uv": [4.5, 1.5, 3, 0], "texture": "#0"},
				"down": {"uv": [4.5, 1.5, 3, 3], "texture": "#0"}
			}
		},
		{
			"from": [14, 16, 5],
			"to": [16, 17, 11],
			"rotation": {"angle": 0, "axis": "y", "origin": [0, 16, 0]},
			"faces": {
				"north": {"uv": [5.5, 5.25, 6, 5.5], "texture": "#0"},
				"east": {"uv": [5.5, 4.5, 7, 4.75], "texture": "#0"},
				"south": {"uv": [5.5, 5.5, 6, 5.75], "texture": "#0"},
				"west": {"uv": [5.5, 4.75, 7, 5], "texture": "#0"},
				"up": {"uv": [5.75, 2.5, 5.25, 1], "texture": "#0"},
				"down": {"uv": [2.5, 5.5, 2, 7], "texture": "#0"}
			}
		},
		{
			"from": [1, 17, 7],
			"to": [2, 31, 9],
			"rotation": {"angle": 0, "axis": "y", "origin": [0, 16, 0]},
			"faces": {
				"north": {"uv": [4.5, 4, 4.75, 7.5], "texture": "#0"},
				"east": {"uv": [0, 4, 0.5, 7.5], "texture": "#0"},
				"south": {"uv": [4.75, 4, 5, 7.5], "texture": "#0"},
				"west": {"uv": [0.5, 4, 1, 7.5], "texture": "#0"},
				"up": {"uv": [6, 1.5, 5.75, 1], "texture": "#0"},
				"down": {"uv": [6, 1.5, 5.75, 2], "texture": "#0"}
			}
		},
		{
			"from": [14, 17, 7],
			"to": [15, 31, 9],
			"rotation": {"angle": 0, "axis": "y", "origin": [0, 16, 0]},
			"faces": {
				"north": {"uv": [4.5, 4, 4.75, 7.5], "texture": "#0"},
				"east": {"uv": [0, 4, 0.5, 7.5], "texture": "#0"},
				"south": {"uv": [4.75, 4, 5, 7.5], "texture": "#0"},
				"west": {"uv": [0.5, 4, 1, 7.5], "texture": "#0"},
				"up": {"uv": [6, 1.5, 5.75, 1], "texture": "#0"},
				"down": {"uv": [6, 1.5, 5.75, 2], "texture": "#0"}
			}
		},
		{
			"from": [1, 15, 1],
			"to": [15, 15, 15],
			"faces": {
				"north": {"uv": [0, 0, 3, 0], "texture": "#0"},
				"east": {"uv": [0, 0, 3, 0], "texture": "#0"},
				"south": {"uv": [0, 0, 3, 0], "texture": "#0"},
				"west": {"uv": [0, 0, 3, 0], "texture": "#0"},
				"up": {"uv": [1, 1, 15, 15], "texture": "#1"}
			}
		}
	],
	"display": {
		"head": {
			"translation": [0, -31.2, 0],
			"scale": [1.712, 1.712, 1.712]
		}
	},
	"groups": [
		{
			"name": "stand",
			"origin": [0, 0, 0],
			"color": 0,
			"nbt": "{}",
			"armAnimationEnabled": false,
			"children": [0, 1, 2, 3, 4, 5, 6, 7, 8]
		},
		{
			"name": "lantern",
			"origin": [8, 8, 8],
			"color": 0,
			"nbt": "{}",
			"armAnimationEnabled": false,
			"children": []
		},
		9
	]
}