{
  "pools": [
    {
      "rolls": 1,
      "entries": [
        {
          "type": "minecraft:item",
          "name": "minecraft:diamond_pickaxe",
          "functions": [
            {
              "function": "minecraft:set_attributes",
              "modifiers": [
                {
                  "attribute": "minecraft:generic.attack_speed",
                  "name": "",
                  "amount": -2.8,
                  "operation": "addition",
                  "slot": "mainhand"
                },
                {
                  "attribute": "minecraft:generic.attack_damage",
                  "name": "",
                  "amount": 5,
                  "operation": "addition",
                  "slot": "mainhand"
                }
              ]
            },
            {
              "function": "minecraft:set_nbt",
              "tag": "{display:{Name:'{\"italic\":false,\"translate\":\"item.epl.echoing_pickaxe\",\"color\":\"white\"}',Lore:['{\"translate\": \"pack.epl\",\"color\": \"#9728FF\"}']},smithed:{id:\"epl:echoing_pickaxe\"},CustomModelData:6901000}"
            }
          ]
        }
      ]
    }
  ]
}
