{
    "pools": [
      {
        "rolls": 1,
        "entries": [
          {
            "type": "minecraft:item",
            "name": "minecraft:arrow",
            "functions": [
              {
                "function": "minecraft:set_count",
                "count": 8
              },
              {
                "function": "minecraft:set_nbt",
                "tag": "{display:{Name:'{\"italic\":false,\"translate\":\"item.epl.shadowblight_arrow\",\"color\":\"white\"}',Lore:['{\"translate\": \"pack.epl\",\"color\": \"#9728FF\"}']},smithed:{id:\"epl:shadowblight_arrow\"},CustomModelData:6901000}"
              }
            ]
          }
        ]
      }
    ]
  }
  