{
  "pools": [
    {
      "rolls": 1,
      "entries": [
        {
          "type": "minecraft:item",
          "name": "minecraft:carrot_on_a_stick",
          "functions": [
            {
              "function": "minecraft:set_nbt",
              "tag": "{Unbreakable:1b,HideFlags:4,RepairCost:100,display:{Name:'{\"italic\":false,\"translate\":\"item.epl.umbral_configuration\",\"color\":\"white\"}',Lore:['{\"translate\": \"pack.epl\",\"color\": \"#9728FF\"}']},smithed:{id:\"epl:umbral_configuration\"},CustomModelData:6901000}"
            }
          ]
        }
      ]
    }
  ]
}
