{
  "pools": [
    {
      "rolls": 1,
      "entries": [
        {
          "type": "minecraft:item",
          "name": "minecraft:chain_command_block",
          "functions": [
            {
              "function": "minecraft:set_nbt",
              "tag": "{BlockEntityTag:{Command:\"epl:item\"},display:{Name:'{\"italic\":false,\"translate\":\"item.epl.echoing_residue\",\"color\":\"white\"}',Lore:['{\"translate\": \"pack.epl\",\"color\": \"#9728FF\"}']},smithed:{id:\"epl:echoing_residue\"},CustomModelData:6901002}"
            }
          ]
        }
      ]
    }
  ]
}
