[
  {
    "function": "minecraft:set_name",
    "entity": "this",
    "name": {
      "selector": "@s",
      "color": "#FF0000",
      "italic":false
    }
  },
  {
    "function": "minecraft:set_lore",
    "entity": "this",
    "lore": [
      [
        {
          "text": "",
          "color": "white",
          "font": "epl:main",
          "italic": false
        },
        {
          "text": "\uf000 ",
          "color": "white",
          "font": "epl:enchants",
          "italic": false
        },
        {
          "nbt": "root.temp.ench.valid[].display",
          "storage": "epl:storage",
          "interpret": true,
          "separator": ""
        }
      ]
    ],
    "replace": false
  }
]
